source,price_type,commodity,first_date,last_date,observed_days,expected_days,missing_days,pct_missing,missing_dates
doca_home,retail,Atta (Wheat),2026-09-29,2026-10-01,3,4,1,25.0,2026-10-02
doca_home,retail,Bajra (whole),2026-09-29,2026-10-01,3,4,1,25.0,2026-10-02
doca_home,retail,Banana,2026-09-29,2026-10-01,3,4,1,25.0,2026-10-02
doca_home,retail,Besan,2026-09-29,2026-10-01,3,4,1,25.0,2026-10-02
doca_home,retail,Black Pepper (whole),2026-09-29,2026-10-01,3,4,1,25.0,2026-10-02
doca_home,retail,Brinjal,2026-09-29,2026-10-01,3,4,1,25.0,2026-10-02
doca_home,retail,Broken Rice,2026-09-29,2026-10-01,3,4,1,25.0,2026-10-02
doca_home,retail,Butter (Pasteurised),2026-09-29,2026-10-01,3,4,1,25.0,2026-10-02
doca_home,retail,Coriander (whole),2026-09-29,2026-10-01,3,4,1,25.0,2026-10-02
doca_home,retail,Cummin Seed (whole),2026-09-29,2026-10-01,3,4,1,25.0,2026-10-02
doca_home,retail,Desi Ghee,2026-09-29,2026-10-01,3,4,1,25.0,2026-10-02
doca_home,retail,Eggs,2026-09-29,2026-10-01,3,4,1,25.0,2026-10-02
doca_home,retail,Garlic,2026-09-29,2026-10-01,3,4,1,25.0,2026-10-02
doca_home,retail,Ginger,2026-09-29,2026-10-01,3,4,1,25.0,2026-10-02
doca_home,retail,Gram Dal,2026-09-29,2026-10-01,3,4,1,25.0,2026-10-02
doca_home,retail,Groundnut Oil (Packed),2026-09-29,2026-10-01,3,4,1,25.0,2026-10-02
doca_home,retail,Gur,2026-09-29,2026-10-01,3,4,1,25.0,2026-10-02
doca_home,retail,Jowar (whole),2026-09-29,2026-10-01,3,4,1,25.0,2026-10-02
doca_home,retail,Maida (wheat),2026-09-29,2026-10-01,3,4,1,25.0,2026-10-02
doca_home,retail,Masoor Dal,2026-09-29,2026-10-01,3,4,1,25.0,2026-10-02
doca_home,retail,Milk @,2026-09-29,2026-10-01,3,4,1,25.0,2026-10-02
doca_home,retail,Moong Dal,2026-09-29,2026-10-01,3,4,1,25.0,2026-10-02
doca_home,retail,Mustard Oil (Packed),2026-09-29,2026-10-01,3,4,1,25.0,2026-10-02
doca_home,retail,Onion,2026-09-29,2026-10-01,3,4,1,25.0,2026-10-02
doca_home,retail,Palm Oil (Packed),2026-09-29,2026-10-01,3,4,1,25.0,2026-10-02
doca_home,retail,Potato,2026-09-29,2026-10-01,3,4,1,25.0,2026-10-02
doca_home,retail,Ragi (whole),2026-09-29,2026-10-01,3,4,1,25.0,2026-10-02
doca_home,retail,Red Chillies (whole),2026-09-29,2026-10-01,3,4,1,25.0,2026-10-02
doca_home,retail,Rice,2026-09-29,2026-10-01,3,4,1,25.0,2026-10-02
doca_home,retail,Salt Pack (Iodised),2026-09-29,2026-10-01,3,4,1,25.0,2026-10-02
doca_home,retail,Soya Oil (Packed),2026-09-29,2026-10-01,3,4,1,25.0,2026-10-02
doca_home,retail,Sugar,2026-09-29,2026-10-01,3,4,1,25.0,2026-10-02
doca_home,retail,Suji (whole),2026-09-29,2026-10-01,3,4,1,25.0,2026-10-02
doca_home,retail,Sunflower Oil (Packed),2026-09-29,2026-10-01,3,4,1,25.0,2026-10-02
doca_home,retail,Tea Loose,2026-09-29,2026-10-01,3,4,1,25.0,2026-10-02
doca_home,retail,Tomato,2026-09-29,2026-10-01,3,4,1,25.0,2026-10-02
doca_home,retail,Tur/Arhar Dal,2026-09-29,2026-10-01,3,4,1,25.0,2026-10-02
doca_home,retail,Turmeric (powder),2026-09-29,2026-10-01,3,4,1,25.0,2026-10-02
doca_home,retail,Urad Dal,2026-09-29,2026-10-01,3,4,1,25.0,2026-10-02
doca_home,retail,Vanaspati (Packed),2026-09-29,2026-10-01,3,4,1,25.0,2026-10-02
doca_home,retail,Wheat,2026-09-29,2026-10-01,3,4,1,25.0,2026-10-02
doca_home,wholesale,Atta (Wheat),2026-09-29,2026-10-01,3,4,1,25.0,2026-10-02
doca_home,wholesale,Broken Rice,2026-09-29,2026-10-01,3,4,1,25.0,2026-10-02
doca_home,wholesale,Gram Dal,2026-09-29,2026-10-01,3,4,1,25.0,2026-10-02
doca_home,wholesale,Groundnut Oil (Packed),2026-09-29,2026-10-01,3,4,1,25.0,2026-10-02
doca_home,wholesale,Gur,2026-09-29,2026-10-01,3,4,1,25.0,2026-10-02
doca_home,wholesale,Masoor Dal,2026-09-29,2026-10-01,3,4,1,25.0,2026-10-02
doca_home,wholesale,Milk @,2026-09-29,2026-10-01,3,4,1,25.0,2026-10-02
doca_home,wholesale,Moong Dal,2026-09-29,2026-10-01,3,4,1,25.0,2026-10-02
doca_home,wholesale,Mustard Oil (Packed),2026-09-29,2026-10-01,3,4,1,25.0,2026-10-02
doca_home,wholesale,Onion,2026-09-29,2026-10-01,3,4,1,25.0,2026-10-02
doca_home,wholesale,Palm Oil (Packed),2026-09-29,2026-10-01,3,4,1,25.0,2026-10-02
doca_home,wholesale,Potato,2026-09-29,2026-10-01,3,4,1,25.0,2026-10-02
doca_home,wholesale,Rice,2026-09-29,2026-10-01,3,4,1,25.0,2026-10-02
doca_home,wholesale,Salt Pack (Iodised),2026-09-29,2026-10-01,3,4,1,25.0,2026-10-02
doca_home,wholesale,Soya Oil (Packed),2026-09-29,2026-10-01,3,4,1,25.0,2026-10-02
doca_home,wholesale,Sugar,2026-09-29,2026-10-01,3,4,1,25.0,2026-10-02
doca_home,wholesale,Sunflower Oil (Packed),2026-09-29,2026-10-01,3,4,1,25.0,2026-10-02
doca_home,wholesale,Tea Loose,2026-09-29,2026-10-01,3,4,1,25.0,2026-10-02
doca_home,wholesale,Tomato,2026-09-29,2026-10-01,3,4,1,25.0,2026-10-02
doca_home,wholesale,Tur/Arhar Dal,2026-09-29,2026-10-01,3,4,1,25.0,2026-10-02
doca_home,wholesale,Urad Dal,2026-09-29,2026-10-01,3,4,1,25.0,2026-10-02
doca_home,wholesale,Vanaspati (Packed),2026-09-29,2026-10-01,3,4,1,25.0,2026-10-02
doca_home,wholesale,Wheat,2026-09-29,2026-10-01,3,4,1,25.0,2026-10-02
