as_on_date,geo,thali,ingredient,source_commodity,qty,unit,price,source_unit,cost,source,raw_path,raw_sha256
2026-09-29,All India,veg_thali,rice,Rice,80.0,g,46.64,per_kg,3.7312,doca_home,data/raw/doca_home/2026-09-29/20260929T160115936929Z/home.html,292bbffc3b3f0328b5a045716e4672d06ed78d9118009e29d2e87e102b53a059
2026-09-29,All India,veg_thali,atta,Atta (Wheat),60.0,g,37.65,per_kg,2.259,doca_home,data/raw/doca_home/2026-09-29/20260929T160115936929Z/home.html,292bbffc3b3f0328b5a045716e4672d06ed78d9118009e29d2e87e102b53a059
2026-09-29,All India,veg_thali,tur_dal,Tur/Arhar Dal,30.0,g,125.95,per_kg,3.7785,doca_home,data/raw/doca_home/2026-09-29/20260929T160115936929Z/home.html,292bbffc3b3f0328b5a045716e4672d06ed78d9118009e29d2e87e102b53a059
2026-09-29,All India,veg_thali,potato,Potato,100.0,g,22.6,per_kg,2.2600000000000002,doca_home,data/raw/doca_home/2026-09-29/20260929T160115936929Z/home.html,292bbffc3b3f0328b5a045716e4672d06ed78d9118009e29d2e87e102b53a059
2026-09-29,All India,veg_thali,onion,Onion,40.0,g,53.97,per_kg,2.1588000000000003,doca_home,data/raw/doca_home/2026-09-29/20260929T160115936929Z/home.html,292bbffc3b3f0328b5a045716e4672d06ed78d9118009e29d2e87e102b53a059
2026-09-29,All India,veg_thali,tomato,Tomato,40.0,g,40.11,per_kg,1.6044,doca_home,data/raw/doca_home/2026-09-29/20260929T160115936929Z/home.html,292bbffc3b3f0328b5a045716e4672d06ed78d9118009e29d2e87e102b53a059
2026-09-29,All India,veg_thali,cooking_oil,Mustard Oil (Packed),15.0,g,203.14,per_kg,3.0471,doca_home,data/raw/doca_home/2026-09-29/20260929T160115936929Z/home.html,292bbffc3b3f0328b5a045716e4672d06ed78d9118009e29d2e87e102b53a059
2026-09-29,All India,veg_thali,salt,Salt Pack (Iodised),5.0,g,22.48,per_kg,0.11240000000000001,doca_home,data/raw/doca_home/2026-09-29/20260929T160115936929Z/home.html,292bbffc3b3f0328b5a045716e4672d06ed78d9118009e29d2e87e102b53a059
2026-09-29,All India,veg_thali,sugar,Sugar,5.0,g,56.07,per_kg,0.28035000000000004,doca_home,data/raw/doca_home/2026-09-29/20260929T160115936929Z/home.html,292bbffc3b3f0328b5a045716e4672d06ed78d9118009e29d2e87e102b53a059
2026-09-29,All India,veg_thali,milk,Milk @,50.0,ml,61.31,per_litre,3.0655,doca_home,data/raw/doca_home/2026-09-29/20260929T160115936929Z/home.html,292bbffc3b3f0328b5a045716e4672d06ed78d9118009e29d2e87e102b53a059
2026-09-29,All India,nonveg_thali,rice,Rice,80.0,g,46.64,per_kg,3.7312,doca_home,data/raw/doca_home/2026-09-29/20260929T160115936929Z/home.html,292bbffc3b3f0328b5a045716e4672d06ed78d9118009e29d2e87e102b53a059
2026-09-29,All India,nonveg_thali,atta,Atta (Wheat),60.0,g,37.65,per_kg,2.259,doca_home,data/raw/doca_home/2026-09-29/20260929T160115936929Z/home.html,292bbffc3b3f0328b5a045716e4672d06ed78d9118009e29d2e87e102b53a059
2026-09-29,All India,nonveg_thali,tur_dal,Tur/Arhar Dal,20.0,g,125.95,per_kg,2.519,doca_home,data/raw/doca_home/2026-09-29/20260929T160115936929Z/home.html,292bbffc3b3f0328b5a045716e4672d06ed78d9118009e29d2e87e102b53a059
2026-09-29,All India,nonveg_thali,egg,Eggs,2.0,piece,83.81,per_dozen,13.968333333333334,doca_home,data/raw/doca_home/2026-09-29/20260929T160115936929Z/home.html,292bbffc3b3f0328b5a045716e4672d06ed78d9118009e29d2e87e102b53a059
2026-09-29,All India,nonveg_thali,onion,Onion,60.0,g,53.97,per_kg,3.2382,doca_home,data/raw/doca_home/2026-09-29/20260929T160115936929Z/home.html,292bbffc3b3f0328b5a045716e4672d06ed78d9118009e29d2e87e102b53a059
2026-09-29,All India,nonveg_thali,tomato,Tomato,60.0,g,40.11,per_kg,2.4066,doca_home,data/raw/doca_home/2026-09-29/20260929T160115936929Z/home.html,292bbffc3b3f0328b5a045716e4672d06ed78d9118009e29d2e87e102b53a059
2026-09-29,All India,nonveg_thali,cooking_oil,Mustard Oil (Packed),20.0,g,203.14,per_kg,4.0628,doca_home,data/raw/doca_home/2026-09-29/20260929T160115936929Z/home.html,292bbffc3b3f0328b5a045716e4672d06ed78d9118009e29d2e87e102b53a059
2026-09-29,All India,nonveg_thali,salt,Salt Pack (Iodised),5.0,g,22.48,per_kg,0.11240000000000001,doca_home,data/raw/doca_home/2026-09-29/20260929T160115936929Z/home.html,292bbffc3b3f0328b5a045716e4672d06ed78d9118009e29d2e87e102b53a059
2026-09-30,All India,veg_thali,rice,Rice,80.0,g,46.43,per_kg,3.7144000000000004,doca_home,data/raw/doca_home/2026-09-30/20260930T183042005428Z/home.html.gz,b954cb46fcd98f6948cc0d6d20dbfa85a76a3bcdaf6e648c74b874a44ccc01ac
2026-09-30,All India,veg_thali,atta,Atta (Wheat),60.0,g,37.54,per_kg,2.2524,doca_home,data/raw/doca_home/2026-09-30/20260930T183042005428Z/home.html.gz,b954cb46fcd98f6948cc0d6d20dbfa85a76a3bcdaf6e648c74b874a44ccc01ac
2026-09-30,All India,veg_thali,tur_dal,Tur/Arhar Dal,30.0,g,125.81,per_kg,3.7743,doca_home,data/raw/doca_home/2026-09-30/20260930T183042005428Z/home.html.gz,b954cb46fcd98f6948cc0d6d20dbfa85a76a3bcdaf6e648c74b874a44ccc01ac
2026-09-30,All India,veg_thali,potato,Potato,100.0,g,22.61,per_kg,2.261,doca_home,data/raw/doca_home/2026-09-30/20260930T183042005428Z/home.html.gz,b954cb46fcd98f6948cc0d6d20dbfa85a76a3bcdaf6e648c74b874a44ccc01ac
2026-09-30,All India,veg_thali,onion,Onion,40.0,g,53.86,per_kg,2.1544000000000003,doca_home,data/raw/doca_home/2026-09-30/20260930T183042005428Z/home.html.gz,b954cb46fcd98f6948cc0d6d20dbfa85a76a3bcdaf6e648c74b874a44ccc01ac
2026-09-30,All India,veg_thali,tomato,Tomato,40.0,g,40.4,per_kg,1.616,doca_home,data/raw/doca_home/2026-09-30/20260930T183042005428Z/home.html.gz,b954cb46fcd98f6948cc0d6d20dbfa85a76a3bcdaf6e648c74b874a44ccc01ac
2026-09-30,All India,veg_thali,cooking_oil,Mustard Oil (Packed),15.0,g,202.94,per_kg,3.0441,doca_home,data/raw/doca_home/2026-09-30/20260930T183042005428Z/home.html.gz,b954cb46fcd98f6948cc0d6d20dbfa85a76a3bcdaf6e648c74b874a44ccc01ac
2026-09-30,All India,veg_thali,salt,Salt Pack (Iodised),5.0,g,22.45,per_kg,0.11225,doca_home,data/raw/doca_home/2026-09-30/20260930T183042005428Z/home.html.gz,b954cb46fcd98f6948cc0d6d20dbfa85a76a3bcdaf6e648c74b874a44ccc01ac
2026-09-30,All India,veg_thali,sugar,Sugar,5.0,g,56.02,per_kg,0.2801,doca_home,data/raw/doca_home/2026-09-30/20260930T183042005428Z/home.html.gz,b954cb46fcd98f6948cc0d6d20dbfa85a76a3bcdaf6e648c74b874a44ccc01ac
2026-09-30,All India,veg_thali,milk,Milk @,50.0,ml,61.33,per_litre,3.0665,doca_home,data/raw/doca_home/2026-09-30/20260930T183042005428Z/home.html.gz,b954cb46fcd98f6948cc0d6d20dbfa85a76a3bcdaf6e648c74b874a44ccc01ac
2026-09-30,All India,nonveg_thali,rice,Rice,80.0,g,46.43,per_kg,3.7144000000000004,doca_home,data/raw/doca_home/2026-09-30/20260930T183042005428Z/home.html.gz,b954cb46fcd98f6948cc0d6d20dbfa85a76a3bcdaf6e648c74b874a44ccc01ac
2026-09-30,All India,nonveg_thali,atta,Atta (Wheat),60.0,g,37.54,per_kg,2.2524,doca_home,data/raw/doca_home/2026-09-30/20260930T183042005428Z/home.html.gz,b954cb46fcd98f6948cc0d6d20dbfa85a76a3bcdaf6e648c74b874a44ccc01ac
2026-09-30,All India,nonveg_thali,tur_dal,Tur/Arhar Dal,20.0,g,125.81,per_kg,2.5162,doca_home,data/raw/doca_home/2026-09-30/20260930T183042005428Z/home.html.gz,b954cb46fcd98f6948cc0d6d20dbfa85a76a3bcdaf6e648c74b874a44ccc01ac
2026-09-30,All India,nonveg_thali,egg,Eggs,2.0,piece,83.73,per_dozen,13.955,doca_home,data/raw/doca_home/2026-09-30/20260930T183042005428Z/home.html.gz,b954cb46fcd98f6948cc0d6d20dbfa85a76a3bcdaf6e648c74b874a44ccc01ac
2026-09-30,All India,nonveg_thali,onion,Onion,60.0,g,53.86,per_kg,3.2316,doca_home,data/raw/doca_home/2026-09-30/20260930T183042005428Z/home.html.gz,b954cb46fcd98f6948cc0d6d20dbfa85a76a3bcdaf6e648c74b874a44ccc01ac
2026-09-30,All India,nonveg_thali,tomato,Tomato,60.0,g,40.4,per_kg,2.424,doca_home,data/raw/doca_home/2026-09-30/20260930T183042005428Z/home.html.gz,b954cb46fcd98f6948cc0d6d20dbfa85a76a3bcdaf6e648c74b874a44ccc01ac
2026-09-30,All India,nonveg_thali,cooking_oil,Mustard Oil (Packed),20.0,g,202.94,per_kg,4.058800000000001,doca_home,data/raw/doca_home/2026-09-30/20260930T183042005428Z/home.html.gz,b954cb46fcd98f6948cc0d6d20dbfa85a76a3bcdaf6e648c74b874a44ccc01ac
2026-09-30,All India,nonveg_thali,salt,Salt Pack (Iodised),5.0,g,22.45,per_kg,0.11225,doca_home,data/raw/doca_home/2026-09-30/20260930T183042005428Z/home.html.gz,b954cb46fcd98f6948cc0d6d20dbfa85a76a3bcdaf6e648c74b874a44ccc01ac
2026-10-01,All India,veg_thali,rice,Rice,80.0,g,46.54,per_kg,3.7232,doca_home,data/raw/doca_home/2026-10-01/20261001T185814608539Z/home.html.gz,51bafb5fa6ebf461deedece0172cd619fd733af9cf315d14f01564101a4ffd40
2026-10-01,All India,veg_thali,atta,Atta (Wheat),60.0,g,37.66,per_kg,2.2596,doca_home,data/raw/doca_home/2026-10-01/20261001T185814608539Z/home.html.gz,51bafb5fa6ebf461deedece0172cd619fd733af9cf315d14f01564101a4ffd40
2026-10-01,All India,veg_thali,tur_dal,Tur/Arhar Dal,30.0,g,126.1,per_kg,3.783,doca_home,data/raw/doca_home/2026-10-01/20261001T185814608539Z/home.html.gz,51bafb5fa6ebf461deedece0172cd619fd733af9cf315d14f01564101a4ffd40
2026-10-01,All India,veg_thali,potato,Potato,100.0,g,22.68,per_kg,2.2680000000000002,doca_home,data/raw/doca_home/2026-10-01/20261001T185814608539Z/home.html.gz,51bafb5fa6ebf461deedece0172cd619fd733af9cf315d14f01564101a4ffd40
2026-10-01,All India,veg_thali,onion,Onion,40.0,g,53.97,per_kg,2.1588000000000003,doca_home,data/raw/doca_home/2026-10-01/20261001T185814608539Z/home.html.gz,51bafb5fa6ebf461deedece0172cd619fd733af9cf315d14f01564101a4ffd40
2026-10-01,All India,veg_thali,tomato,Tomato,40.0,g,41.31,per_kg,1.6524,doca_home,data/raw/doca_home/2026-10-01/20261001T185814608539Z/home.html.gz,51bafb5fa6ebf461deedece0172cd619fd733af9cf315d14f01564101a4ffd40
2026-10-01,All India,veg_thali,cooking_oil,Mustard Oil (Packed),15.0,g,203.3,per_kg,3.0495,doca_home,data/raw/doca_home/2026-10-01/20261001T185814608539Z/home.html.gz,51bafb5fa6ebf461deedece0172cd619fd733af9cf315d14f01564101a4ffd40
2026-10-01,All India,veg_thali,salt,Salt Pack (Iodised),5.0,g,22.47,per_kg,0.11234999999999999,doca_home,data/raw/doca_home/2026-10-01/20261001T185814608539Z/home.html.gz,51bafb5fa6ebf461deedece0172cd619fd733af9cf315d14f01564101a4ffd40
2026-10-01,All India,veg_thali,sugar,Sugar,5.0,g,55.62,per_kg,0.27809999999999996,doca_home,data/raw/doca_home/2026-10-01/20261001T185814608539Z/home.html.gz,51bafb5fa6ebf461deedece0172cd619fd733af9cf315d14f01564101a4ffd40
2026-10-01,All India,veg_thali,milk,Milk @,50.0,ml,61.36,per_litre,3.068,doca_home,data/raw/doca_home/2026-10-01/20261001T185814608539Z/home.html.gz,51bafb5fa6ebf461deedece0172cd619fd733af9cf315d14f01564101a4ffd40
2026-10-01,All India,nonveg_thali,rice,Rice,80.0,g,46.54,per_kg,3.7232,doca_home,data/raw/doca_home/2026-10-01/20261001T185814608539Z/home.html.gz,51bafb5fa6ebf461deedece0172cd619fd733af9cf315d14f01564101a4ffd40
2026-10-01,All India,nonveg_thali,atta,Atta (Wheat),60.0,g,37.66,per_kg,2.2596,doca_home,data/raw/doca_home/2026-10-01/20261001T185814608539Z/home.html.gz,51bafb5fa6ebf461deedece0172cd619fd733af9cf315d14f01564101a4ffd40
2026-10-01,All India,nonveg_thali,tur_dal,Tur/Arhar Dal,20.0,g,126.1,per_kg,2.5220000000000002,doca_home,data/raw/doca_home/2026-10-01/20261001T185814608539Z/home.html.gz,51bafb5fa6ebf461deedece0172cd619fd733af9cf315d14f01564101a4ffd40
2026-10-01,All India,nonveg_thali,egg,Eggs,2.0,piece,83.82,per_dozen,13.969999999999999,doca_home,data/raw/doca_home/2026-10-01/20261001T185814608539Z/home.html.gz,51bafb5fa6ebf461deedece0172cd619fd733af9cf315d14f01564101a4ffd40
2026-10-01,All India,nonveg_thali,onion,Onion,60.0,g,53.97,per_kg,3.2382,doca_home,data/raw/doca_home/2026-10-01/20261001T185814608539Z/home.html.gz,51bafb5fa6ebf461deedece0172cd619fd733af9cf315d14f01564101a4ffd40
2026-10-01,All India,nonveg_thali,tomato,Tomato,60.0,g,41.31,per_kg,2.4786000000000006,doca_home,data/raw/doca_home/2026-10-01/20261001T185814608539Z/home.html.gz,51bafb5fa6ebf461deedece0172cd619fd733af9cf315d14f01564101a4ffd40
2026-10-01,All India,nonveg_thali,cooking_oil,Mustard Oil (Packed),20.0,g,203.3,per_kg,4.066,doca_home,data/raw/doca_home/2026-10-01/20261001T185814608539Z/home.html.gz,51bafb5fa6ebf461deedece0172cd619fd733af9cf315d14f01564101a4ffd40
2026-10-01,All India,nonveg_thali,salt,Salt Pack (Iodised),5.0,g,22.47,per_kg,0.11234999999999999,doca_home,data/raw/doca_home/2026-10-01/20261001T185814608539Z/home.html.gz,51bafb5fa6ebf461deedece0172cd619fd733af9cf315d14f01564101a4ffd40
2026-10-02,All India,veg_thali,rice,Rice,80.0,g,45.61,per_kg,3.6488,doca_home,data/raw/doca_home/2026-10-02/20261002T183512686492Z/home.html.gz,2f680bf7a57168be21674a8d034094c0735832dd42e13505e0b5274acbc2429c
2026-10-02,All India,veg_thali,atta,Atta (Wheat),60.0,g,37.66,per_kg,2.2596,doca_home,data/raw/doca_home/2026-10-02/20261002T183512686492Z/home.html.gz,2f680bf7a57168be21674a8d034094c0735832dd42e13505e0b5274acbc2429c
2026-10-02,All India,veg_thali,tur_dal,Tur/Arhar Dal,30.0,g,125.65,per_kg,3.7695000000000003,doca_home,data/raw/doca_home/2026-10-02/20261002T183512686492Z/home.html.gz,2f680bf7a57168be21674a8d034094c0735832dd42e13505e0b5274acbc2429c
2026-10-02,All India,veg_thali,potato,Potato,100.0,g,21.9,per_kg,2.19,doca_home,data/raw/doca_home/2026-10-02/20261002T183512686492Z/home.html.gz,2f680bf7a57168be21674a8d034094c0735832dd42e13505e0b5274acbc2429c
2026-10-02,All India,veg_thali,onion,Onion,40.0,g,53.37,per_kg,2.1348,doca_home,data/raw/doca_home/2026-10-02/20261002T183512686492Z/home.html.gz,2f680bf7a57168be21674a8d034094c0735832dd42e13505e0b5274acbc2429c
2026-10-02,All India,veg_thali,tomato,Tomato,40.0,g,41.68,per_kg,1.6672,doca_home,data/raw/doca_home/2026-10-02/20261002T183512686492Z/home.html.gz,2f680bf7a57168be21674a8d034094c0735832dd42e13505e0b5274acbc2429c
2026-10-02,All India,veg_thali,cooking_oil,Mustard Oil (Packed),15.0,g,202.26,per_kg,3.0338999999999996,doca_home,data/raw/doca_home/2026-10-02/20261002T183512686492Z/home.html.gz,2f680bf7a57168be21674a8d034094c0735832dd42e13505e0b5274acbc2429c
2026-10-02,All India,veg_thali,salt,Salt Pack (Iodised),5.0,g,22.31,per_kg,0.11155,doca_home,data/raw/doca_home/2026-10-02/20261002T183512686492Z/home.html.gz,2f680bf7a57168be21674a8d034094c0735832dd42e13505e0b5274acbc2429c
2026-10-02,All India,veg_thali,sugar,Sugar,5.0,g,55.29,per_kg,0.27645,doca_home,data/raw/doca_home/2026-10-02/20261002T183512686492Z/home.html.gz,2f680bf7a57168be21674a8d034094c0735832dd42e13505e0b5274acbc2429c
2026-10-02,All India,veg_thali,milk,Milk @,50.0,ml,61.15,per_litre,3.0575,doca_home,data/raw/doca_home/2026-10-02/20261002T183512686492Z/home.html.gz,2f680bf7a57168be21674a8d034094c0735832dd42e13505e0b5274acbc2429c
2026-10-02,All India,nonveg_thali,rice,Rice,80.0,g,45.61,per_kg,3.6488,doca_home,data/raw/doca_home/2026-10-02/20261002T183512686492Z/home.html.gz,2f680bf7a57168be21674a8d034094c0735832dd42e13505e0b5274acbc2429c
2026-10-02,All India,nonveg_thali,atta,Atta (Wheat),60.0,g,37.66,per_kg,2.2596,doca_home,data/raw/doca_home/2026-10-02/20261002T183512686492Z/home.html.gz,2f680bf7a57168be21674a8d034094c0735832dd42e13505e0b5274acbc2429c
2026-10-02,All India,nonveg_thali,tur_dal,Tur/Arhar Dal,20.0,g,125.65,per_kg,2.513,doca_home,data/raw/doca_home/2026-10-02/20261002T183512686492Z/home.html.gz,2f680bf7a57168be21674a8d034094c0735832dd42e13505e0b5274acbc2429c
2026-10-02,All India,nonveg_thali,egg,Eggs,2.0,piece,84.04,per_dozen,14.006666666666668,doca_home,data/raw/doca_home/2026-10-02/20261002T183512686492Z/home.html.gz,2f680bf7a57168be21674a8d034094c0735832dd42e13505e0b5274acbc2429c
2026-10-02,All India,nonveg_thali,onion,Onion,60.0,g,53.37,per_kg,3.2022,doca_home,data/raw/doca_home/2026-10-02/20261002T183512686492Z/home.html.gz,2f680bf7a57168be21674a8d034094c0735832dd42e13505e0b5274acbc2429c
2026-10-02,All India,nonveg_thali,tomato,Tomato,60.0,g,41.68,per_kg,2.5008000000000004,doca_home,data/raw/doca_home/2026-10-02/20261002T183512686492Z/home.html.gz,2f680bf7a57168be21674a8d034094c0735832dd42e13505e0b5274acbc2429c
2026-10-02,All India,nonveg_thali,cooking_oil,Mustard Oil (Packed),20.0,g,202.26,per_kg,4.0451999999999995,doca_home,data/raw/doca_home/2026-10-02/20261002T183512686492Z/home.html.gz,2f680bf7a57168be21674a8d034094c0735832dd42e13505e0b5274acbc2429c
2026-10-02,All India,nonveg_thali,salt,Salt Pack (Iodised),5.0,g,22.31,per_kg,0.11155,doca_home,data/raw/doca_home/2026-10-02/20261002T183512686492Z/home.html.gz,2f680bf7a57168be21674a8d034094c0735832dd42e13505e0b5274acbc2429c
