as_on_date,geo,statistic,price_type,commodity_group,commodity,price,unit_stated,source,source_url,fetched_at,raw_path,raw_sha256
2026-09-29,All India,average,retail,Grains & Pulses,Rice,46.64,₹/Kg,doca_home,https://fcainfoweb.nic.in/,2026-09-29T16:01:18.673526Z,data/raw/doca_home/2026-09-29/20260929T160115936929Z/home.html,292bbffc3b3f0328b5a045716e4672d06ed78d9118009e29d2e87e102b53a059
2026-09-29,All India,average,retail,Grains & Pulses,Wheat,32.01,₹/Kg,doca_home,https://fcainfoweb.nic.in/,2026-09-29T16:01:18.673526Z,data/raw/doca_home/2026-09-29/20260929T160115936929Z/home.html,292bbffc3b3f0328b5a045716e4672d06ed78d9118009e29d2e87e102b53a059
2026-09-29,All India,average,retail,Grains & Pulses,Atta (Wheat),37.65,₹/Kg,doca_home,https://fcainfoweb.nic.in/,2026-09-29T16:01:18.673526Z,data/raw/doca_home/2026-09-29/20260929T160115936929Z/home.html,292bbffc3b3f0328b5a045716e4672d06ed78d9118009e29d2e87e102b53a059
2026-09-29,All India,average,retail,Grains & Pulses,Gram Dal,88.94,₹/Kg,doca_home,https://fcainfoweb.nic.in/,2026-09-29T16:01:18.673526Z,data/raw/doca_home/2026-09-29/20260929T160115936929Z/home.html,292bbffc3b3f0328b5a045716e4672d06ed78d9118009e29d2e87e102b53a059
2026-09-29,All India,average,retail,Grains & Pulses,Tur/Arhar Dal,125.95,₹/Kg,doca_home,https://fcainfoweb.nic.in/,2026-09-29T16:01:18.673526Z,data/raw/doca_home/2026-09-29/20260929T160115936929Z/home.html,292bbffc3b3f0328b5a045716e4672d06ed78d9118009e29d2e87e102b53a059
2026-09-29,All India,average,retail,Grains & Pulses,Urad Dal,123.23,₹/Kg,doca_home,https://fcainfoweb.nic.in/,2026-09-29T16:01:18.673526Z,data/raw/doca_home/2026-09-29/20260929T160115936929Z/home.html,292bbffc3b3f0328b5a045716e4672d06ed78d9118009e29d2e87e102b53a059
2026-09-29,All India,average,retail,Grains & Pulses,Moong Dal,112.35,₹/Kg,doca_home,https://fcainfoweb.nic.in/,2026-09-29T16:01:18.673526Z,data/raw/doca_home/2026-09-29/20260929T160115936929Z/home.html,292bbffc3b3f0328b5a045716e4672d06ed78d9118009e29d2e87e102b53a059
2026-09-29,All India,average,retail,Grains & Pulses,Masoor Dal,90.57,₹/Kg,doca_home,https://fcainfoweb.nic.in/,2026-09-29T16:01:18.673526Z,data/raw/doca_home/2026-09-29/20260929T160115936929Z/home.html,292bbffc3b3f0328b5a045716e4672d06ed78d9118009e29d2e87e102b53a059
2026-09-29,All India,average,retail,Grains & Pulses,Broken Rice,33.95,₹/Kg,doca_home,https://fcainfoweb.nic.in/,2026-09-29T16:01:18.673526Z,data/raw/doca_home/2026-09-29/20260929T160115936929Z/home.html,292bbffc3b3f0328b5a045716e4672d06ed78d9118009e29d2e87e102b53a059
2026-09-29,All India,average,retail,Oils,Groundnut Oil (Packed),209.7,₹/Kg,doca_home,https://fcainfoweb.nic.in/,2026-09-29T16:01:18.673526Z,data/raw/doca_home/2026-09-29/20260929T160115936929Z/home.html,292bbffc3b3f0328b5a045716e4672d06ed78d9118009e29d2e87e102b53a059
2026-09-29,All India,average,retail,Oils,Mustard Oil (Packed),203.14,₹/Kg,doca_home,https://fcainfoweb.nic.in/,2026-09-29T16:01:18.673526Z,data/raw/doca_home/2026-09-29/20260929T160115936929Z/home.html,292bbffc3b3f0328b5a045716e4672d06ed78d9118009e29d2e87e102b53a059
2026-09-29,All India,average,retail,Oils,Vanaspati (Packed),168.77,₹/Kg,doca_home,https://fcainfoweb.nic.in/,2026-09-29T16:01:18.673526Z,data/raw/doca_home/2026-09-29/20260929T160115936929Z/home.html,292bbffc3b3f0328b5a045716e4672d06ed78d9118009e29d2e87e102b53a059
2026-09-29,All India,average,retail,Oils,Soya Oil (Packed),167.08,₹/Kg,doca_home,https://fcainfoweb.nic.in/,2026-09-29T16:01:18.673526Z,data/raw/doca_home/2026-09-29/20260929T160115936929Z/home.html,292bbffc3b3f0328b5a045716e4672d06ed78d9118009e29d2e87e102b53a059
2026-09-29,All India,average,retail,Oils,Sunflower Oil (Packed),192.81,₹/Kg,doca_home,https://fcainfoweb.nic.in/,2026-09-29T16:01:18.673526Z,data/raw/doca_home/2026-09-29/20260929T160115936929Z/home.html,292bbffc3b3f0328b5a045716e4672d06ed78d9118009e29d2e87e102b53a059
2026-09-29,All India,average,retail,Oils,Palm Oil (Packed),153.44,₹/Kg,doca_home,https://fcainfoweb.nic.in/,2026-09-29T16:01:18.673526Z,data/raw/doca_home/2026-09-29/20260929T160115936929Z/home.html,292bbffc3b3f0328b5a045716e4672d06ed78d9118009e29d2e87e102b53a059
2026-09-29,All India,average,retail,Vegetables,Potato,22.6,₹/Kg,doca_home,https://fcainfoweb.nic.in/,2026-09-29T16:01:18.673526Z,data/raw/doca_home/2026-09-29/20260929T160115936929Z/home.html,292bbffc3b3f0328b5a045716e4672d06ed78d9118009e29d2e87e102b53a059
2026-09-29,All India,average,retail,Vegetables,Onion,53.97,₹/Kg,doca_home,https://fcainfoweb.nic.in/,2026-09-29T16:01:18.673526Z,data/raw/doca_home/2026-09-29/20260929T160115936929Z/home.html,292bbffc3b3f0328b5a045716e4672d06ed78d9118009e29d2e87e102b53a059
2026-09-29,All India,average,retail,Vegetables,Tomato,40.11,₹/Kg,doca_home,https://fcainfoweb.nic.in/,2026-09-29T16:01:18.673526Z,data/raw/doca_home/2026-09-29/20260929T160115936929Z/home.html,292bbffc3b3f0328b5a045716e4672d06ed78d9118009e29d2e87e102b53a059
2026-09-29,All India,average,retail,Others,Sugar,56.07,₹/Kg,doca_home,https://fcainfoweb.nic.in/,2026-09-29T16:01:18.673526Z,data/raw/doca_home/2026-09-29/20260929T160115936929Z/home.html,292bbffc3b3f0328b5a045716e4672d06ed78d9118009e29d2e87e102b53a059
2026-09-29,All India,average,retail,Others,Gur,66.57,₹/Kg,doca_home,https://fcainfoweb.nic.in/,2026-09-29T16:01:18.673526Z,data/raw/doca_home/2026-09-29/20260929T160115936929Z/home.html,292bbffc3b3f0328b5a045716e4672d06ed78d9118009e29d2e87e102b53a059
2026-09-29,All India,average,retail,Others,Milk @,61.31,₹/Kg,doca_home,https://fcainfoweb.nic.in/,2026-09-29T16:01:18.673526Z,data/raw/doca_home/2026-09-29/20260929T160115936929Z/home.html,292bbffc3b3f0328b5a045716e4672d06ed78d9118009e29d2e87e102b53a059
2026-09-29,All India,average,retail,Others,Tea Loose,275.79,₹/Kg,doca_home,https://fcainfoweb.nic.in/,2026-09-29T16:01:18.673526Z,data/raw/doca_home/2026-09-29/20260929T160115936929Z/home.html,292bbffc3b3f0328b5a045716e4672d06ed78d9118009e29d2e87e102b53a059
2026-09-29,All India,average,retail,Others,Salt Pack (Iodised),22.48,₹/Kg,doca_home,https://fcainfoweb.nic.in/,2026-09-29T16:01:18.673526Z,data/raw/doca_home/2026-09-29/20260929T160115936929Z/home.html,292bbffc3b3f0328b5a045716e4672d06ed78d9118009e29d2e87e102b53a059
2026-09-29,All India,average,retail,Additional Commodities,Bajra (whole),38.57,₹/Kg,doca_home,https://fcainfoweb.nic.in/,2026-09-29T16:01:18.673526Z,data/raw/doca_home/2026-09-29/20260929T160115936929Z/home.html,292bbffc3b3f0328b5a045716e4672d06ed78d9118009e29d2e87e102b53a059
2026-09-29,All India,average,retail,Additional Commodities,Jowar (whole),45.2,₹/Kg,doca_home,https://fcainfoweb.nic.in/,2026-09-29T16:01:18.673526Z,data/raw/doca_home/2026-09-29/20260929T160115936929Z/home.html,292bbffc3b3f0328b5a045716e4672d06ed78d9118009e29d2e87e102b53a059
2026-09-29,All India,average,retail,Additional Commodities,Maida (wheat),42.73,₹/Kg,doca_home,https://fcainfoweb.nic.in/,2026-09-29T16:01:18.673526Z,data/raw/doca_home/2026-09-29/20260929T160115936929Z/home.html,292bbffc3b3f0328b5a045716e4672d06ed78d9118009e29d2e87e102b53a059
2026-09-29,All India,average,retail,Additional Commodities,Ragi (whole),55.95,₹/Kg,doca_home,https://fcainfoweb.nic.in/,2026-09-29T16:01:18.673526Z,data/raw/doca_home/2026-09-29/20260929T160115936929Z/home.html,292bbffc3b3f0328b5a045716e4672d06ed78d9118009e29d2e87e102b53a059
2026-09-29,All India,average,retail,Additional Commodities,Suji (whole),47.59,₹/Kg,doca_home,https://fcainfoweb.nic.in/,2026-09-29T16:01:18.673526Z,data/raw/doca_home/2026-09-29/20260929T160115936929Z/home.html,292bbffc3b3f0328b5a045716e4672d06ed78d9118009e29d2e87e102b53a059
2026-09-29,All India,average,retail,Additional Commodities,Besan,96.8,₹/Kg,doca_home,https://fcainfoweb.nic.in/,2026-09-29T16:01:18.673526Z,data/raw/doca_home/2026-09-29/20260929T160115936929Z/home.html,292bbffc3b3f0328b5a045716e4672d06ed78d9118009e29d2e87e102b53a059
2026-09-29,All India,average,retail,Additional Commodities,Desi Ghee,701.49,₹/Kg,doca_home,https://fcainfoweb.nic.in/,2026-09-29T16:01:18.673526Z,data/raw/doca_home/2026-09-29/20260929T160115936929Z/home.html,292bbffc3b3f0328b5a045716e4672d06ed78d9118009e29d2e87e102b53a059
2026-09-29,All India,average,retail,Additional Commodities,Butter (Pasteurised),60.58,₹/Kg,doca_home,https://fcainfoweb.nic.in/,2026-09-29T16:01:18.673526Z,data/raw/doca_home/2026-09-29/20260929T160115936929Z/home.html,292bbffc3b3f0328b5a045716e4672d06ed78d9118009e29d2e87e102b53a059
2026-09-29,All India,average,retail,Additional Commodities,Eggs,83.81,₹/Kg,doca_home,https://fcainfoweb.nic.in/,2026-09-29T16:01:18.673526Z,data/raw/doca_home/2026-09-29/20260929T160115936929Z/home.html,292bbffc3b3f0328b5a045716e4672d06ed78d9118009e29d2e87e102b53a059
2026-09-29,All India,average,retail,Additional Commodities,Brinjal,43.44,₹/Kg,doca_home,https://fcainfoweb.nic.in/,2026-09-29T16:01:18.673526Z,data/raw/doca_home/2026-09-29/20260929T160115936929Z/home.html,292bbffc3b3f0328b5a045716e4672d06ed78d9118009e29d2e87e102b53a059
2026-09-29,All India,average,retail,Additional Commodities,Black Pepper (whole),88.65,₹/Kg,doca_home,https://fcainfoweb.nic.in/,2026-09-29T16:01:18.673526Z,data/raw/doca_home/2026-09-29/20260929T160115936929Z/home.html,292bbffc3b3f0328b5a045716e4672d06ed78d9118009e29d2e87e102b53a059
2026-09-29,All India,average,retail,Additional Commodities,Coriander (whole),44.08,₹/Kg,doca_home,https://fcainfoweb.nic.in/,2026-09-29T16:01:18.673526Z,data/raw/doca_home/2026-09-29/20260929T160115936929Z/home.html,292bbffc3b3f0328b5a045716e4672d06ed78d9118009e29d2e87e102b53a059
2026-09-29,All India,average,retail,Additional Commodities,Cummin Seed (whole),40.63,₹/Kg,doca_home,https://fcainfoweb.nic.in/,2026-09-29T16:01:18.673526Z,data/raw/doca_home/2026-09-29/20260929T160115936929Z/home.html,292bbffc3b3f0328b5a045716e4672d06ed78d9118009e29d2e87e102b53a059
2026-09-29,All India,average,retail,Additional Commodities,Red Chillies (whole),30.5,₹/Kg,doca_home,https://fcainfoweb.nic.in/,2026-09-29T16:01:18.673526Z,data/raw/doca_home/2026-09-29/20260929T160115936929Z/home.html,292bbffc3b3f0328b5a045716e4672d06ed78d9118009e29d2e87e102b53a059
2026-09-29,All India,average,retail,Additional Commodities,Turmeric (powder),16.74,₹/Kg,doca_home,https://fcainfoweb.nic.in/,2026-09-29T16:01:18.673526Z,data/raw/doca_home/2026-09-29/20260929T160115936929Z/home.html,292bbffc3b3f0328b5a045716e4672d06ed78d9118009e29d2e87e102b53a059
2026-09-29,All India,average,retail,Additional Commodities,Banana,49.41,₹/Kg,doca_home,https://fcainfoweb.nic.in/,2026-09-29T16:01:18.673526Z,data/raw/doca_home/2026-09-29/20260929T160115936929Z/home.html,292bbffc3b3f0328b5a045716e4672d06ed78d9118009e29d2e87e102b53a059
2026-09-29,All India,average,retail,Additional Commodities,Ginger,35.99,₹/Kg,doca_home,https://fcainfoweb.nic.in/,2026-09-29T16:01:18.673526Z,data/raw/doca_home/2026-09-29/20260929T160115936929Z/home.html,292bbffc3b3f0328b5a045716e4672d06ed78d9118009e29d2e87e102b53a059
2026-09-29,All India,average,retail,Additional Commodities,Garlic,45.46,₹/Kg,doca_home,https://fcainfoweb.nic.in/,2026-09-29T16:01:18.673526Z,data/raw/doca_home/2026-09-29/20260929T160115936929Z/home.html,292bbffc3b3f0328b5a045716e4672d06ed78d9118009e29d2e87e102b53a059
2026-09-29,All India,average,wholesale,Grains & Pulses,Rice,4184.94,₹/Qtl.,doca_home,https://fcainfoweb.nic.in/,2026-09-29T16:01:18.673526Z,data/raw/doca_home/2026-09-29/20260929T160115936929Z/home.html,292bbffc3b3f0328b5a045716e4672d06ed78d9118009e29d2e87e102b53a059
2026-09-29,All India,average,wholesale,Grains & Pulses,Wheat,2879.81,₹/Qtl.,doca_home,https://fcainfoweb.nic.in/,2026-09-29T16:01:18.673526Z,data/raw/doca_home/2026-09-29/20260929T160115936929Z/home.html,292bbffc3b3f0328b5a045716e4672d06ed78d9118009e29d2e87e102b53a059
2026-09-29,All India,average,wholesale,Grains & Pulses,Atta (Wheat),3342.01,₹/Qtl.,doca_home,https://fcainfoweb.nic.in/,2026-09-29T16:01:18.673526Z,data/raw/doca_home/2026-09-29/20260929T160115936929Z/home.html,292bbffc3b3f0328b5a045716e4672d06ed78d9118009e29d2e87e102b53a059
2026-09-29,All India,average,wholesale,Grains & Pulses,Gram Dal,8139.9,₹/Qtl.,doca_home,https://fcainfoweb.nic.in/,2026-09-29T16:01:18.673526Z,data/raw/doca_home/2026-09-29/20260929T160115936929Z/home.html,292bbffc3b3f0328b5a045716e4672d06ed78d9118009e29d2e87e102b53a059
2026-09-29,All India,average,wholesale,Grains & Pulses,Tur/Arhar Dal,11653.55,₹/Qtl.,doca_home,https://fcainfoweb.nic.in/,2026-09-29T16:01:18.673526Z,data/raw/doca_home/2026-09-29/20260929T160115936929Z/home.html,292bbffc3b3f0328b5a045716e4672d06ed78d9118009e29d2e87e102b53a059
2026-09-29,All India,average,wholesale,Grains & Pulses,Urad Dal,11373.2,₹/Qtl.,doca_home,https://fcainfoweb.nic.in/,2026-09-29T16:01:18.673526Z,data/raw/doca_home/2026-09-29/20260929T160115936929Z/home.html,292bbffc3b3f0328b5a045716e4672d06ed78d9118009e29d2e87e102b53a059
2026-09-29,All India,average,wholesale,Grains & Pulses,Moong Dal,10238.82,₹/Qtl.,doca_home,https://fcainfoweb.nic.in/,2026-09-29T16:01:18.673526Z,data/raw/doca_home/2026-09-29/20260929T160115936929Z/home.html,292bbffc3b3f0328b5a045716e4672d06ed78d9118009e29d2e87e102b53a059
2026-09-29,All India,average,wholesale,Grains & Pulses,Masoor Dal,8219.16,₹/Qtl.,doca_home,https://fcainfoweb.nic.in/,2026-09-29T16:01:18.673526Z,data/raw/doca_home/2026-09-29/20260929T160115936929Z/home.html,292bbffc3b3f0328b5a045716e4672d06ed78d9118009e29d2e87e102b53a059
2026-09-29,All India,average,wholesale,Grains & Pulses,Broken Rice,2974.35,₹/Qtl.,doca_home,https://fcainfoweb.nic.in/,2026-09-29T16:01:18.673526Z,data/raw/doca_home/2026-09-29/20260929T160115936929Z/home.html,292bbffc3b3f0328b5a045716e4672d06ed78d9118009e29d2e87e102b53a059
2026-09-29,All India,average,wholesale,Oils,Groundnut Oil (Packed),19842.18,₹/Qtl.,doca_home,https://fcainfoweb.nic.in/,2026-09-29T16:01:18.673526Z,data/raw/doca_home/2026-09-29/20260929T160115936929Z/home.html,292bbffc3b3f0328b5a045716e4672d06ed78d9118009e29d2e87e102b53a059
2026-09-29,All India,average,wholesale,Oils,Mustard Oil (Packed),19267.71,₹/Qtl.,doca_home,https://fcainfoweb.nic.in/,2026-09-29T16:01:18.673526Z,data/raw/doca_home/2026-09-29/20260929T160115936929Z/home.html,292bbffc3b3f0328b5a045716e4672d06ed78d9118009e29d2e87e102b53a059
2026-09-29,All India,average,wholesale,Oils,Vanaspati (Packed),15796.63,₹/Qtl.,doca_home,https://fcainfoweb.nic.in/,2026-09-29T16:01:18.673526Z,data/raw/doca_home/2026-09-29/20260929T160115936929Z/home.html,292bbffc3b3f0328b5a045716e4672d06ed78d9118009e29d2e87e102b53a059
2026-09-29,All India,average,wholesale,Oils,Soya Oil (Packed),15695.5,₹/Qtl.,doca_home,https://fcainfoweb.nic.in/,2026-09-29T16:01:18.673526Z,data/raw/doca_home/2026-09-29/20260929T160115936929Z/home.html,292bbffc3b3f0328b5a045716e4672d06ed78d9118009e29d2e87e102b53a059
2026-09-29,All India,average,wholesale,Oils,Sunflower Oil (Packed),18371.12,₹/Qtl.,doca_home,https://fcainfoweb.nic.in/,2026-09-29T16:01:18.673526Z,data/raw/doca_home/2026-09-29/20260929T160115936929Z/home.html,292bbffc3b3f0328b5a045716e4672d06ed78d9118009e29d2e87e102b53a059
2026-09-29,All India,average,wholesale,Oils,Palm Oil (Packed),14451.54,₹/Qtl.,doca_home,https://fcainfoweb.nic.in/,2026-09-29T16:01:18.673526Z,data/raw/doca_home/2026-09-29/20260929T160115936929Z/home.html,292bbffc3b3f0328b5a045716e4672d06ed78d9118009e29d2e87e102b53a059
2026-09-29,All India,average,wholesale,Vegetables,Potato,1679.48,₹/Qtl.,doca_home,https://fcainfoweb.nic.in/,2026-09-29T16:01:18.673526Z,data/raw/doca_home/2026-09-29/20260929T160115936929Z/home.html,292bbffc3b3f0328b5a045716e4672d06ed78d9118009e29d2e87e102b53a059
2026-09-29,All India,average,wholesale,Vegetables,Onion,4616.9,₹/Qtl.,doca_home,https://fcainfoweb.nic.in/,2026-09-29T16:01:18.673526Z,data/raw/doca_home/2026-09-29/20260929T160115936929Z/home.html,292bbffc3b3f0328b5a045716e4672d06ed78d9118009e29d2e87e102b53a059
2026-09-29,All India,average,wholesale,Vegetables,Tomato,3147.06,₹/Qtl.,doca_home,https://fcainfoweb.nic.in/,2026-09-29T16:01:18.673526Z,data/raw/doca_home/2026-09-29/20260929T160115936929Z/home.html,292bbffc3b3f0328b5a045716e4672d06ed78d9118009e29d2e87e102b53a059
2026-09-29,All India,average,wholesale,Others,Sugar,5154.54,₹/Qtl.,doca_home,https://fcainfoweb.nic.in/,2026-09-29T16:01:18.673526Z,data/raw/doca_home/2026-09-29/20260929T160115936929Z/home.html,292bbffc3b3f0328b5a045716e4672d06ed78d9118009e29d2e87e102b53a059
2026-09-29,All India,average,wholesale,Others,Gur,5917.65,₹/Qtl.,doca_home,https://fcainfoweb.nic.in/,2026-09-29T16:01:18.673526Z,data/raw/doca_home/2026-09-29/20260929T160115936929Z/home.html,292bbffc3b3f0328b5a045716e4672d06ed78d9118009e29d2e87e102b53a059
2026-09-29,All India,average,wholesale,Others,Milk @,5753.2,₹/Qtl.,doca_home,https://fcainfoweb.nic.in/,2026-09-29T16:01:18.673526Z,data/raw/doca_home/2026-09-29/20260929T160115936929Z/home.html,292bbffc3b3f0328b5a045716e4672d06ed78d9118009e29d2e87e102b53a059
2026-09-29,All India,average,wholesale,Others,Tea Loose,24516.52,₹/Qtl.,doca_home,https://fcainfoweb.nic.in/,2026-09-29T16:01:18.673526Z,data/raw/doca_home/2026-09-29/20260929T160115936929Z/home.html,292bbffc3b3f0328b5a045716e4672d06ed78d9118009e29d2e87e102b53a059
2026-09-29,All India,average,wholesale,Others,Salt Pack (Iodised),1884.82,₹/Qtl.,doca_home,https://fcainfoweb.nic.in/,2026-09-29T16:01:18.673526Z,data/raw/doca_home/2026-09-29/20260929T160115936929Z/home.html,292bbffc3b3f0328b5a045716e4672d06ed78d9118009e29d2e87e102b53a059
